id_db,Id,Name
1,1920937,AirAsia
2,4498261,Expedia
3,4378453,lastminute.com.au
4,4386265,Wotif.com
5,3164245,ZUJI
6,2158097,CheapOair
7,2369365,eDreams
8,4055893,Tripsta
9,2502997,FlightNetwork
10,2499507,Fly365.com
11,3954482,STA Travel
12,2291118,Direct Flights
13,4035157,Travelgenio
14,2051604,Bestjet.com
15,1945429,DeNA TRAVEL
16,4243441,Virgin Australia
17,3933919,Skiddoo.com.au
18,2042197,Bravofly
19,2627413,GotoGate
20,1963861,airtickets
21,2040804,Aunt Betty
22,2044501,BudgetAir
23,2584453,Garuda Indonesia
24,3929783,Singapore Airlines
25,2158255,China Southern
26,2142168,Cathay Pacific
27,3059061,Korean Air
28,2390482,Emirates
29,2925492,Jetstar
30,3690449,Qatar Airways
31,2959189,Jetabroad
32,2086634,BYOjet
33,3986773,Travel2Be
34,4468309,Expedia (Package Deals)
35,2477653,Flight Centre
36,2157569,China Eastern
37,2141650,China Airlines
